date,label,theme,title,subtitle,highlight
2026-08-01,8月1日(土),blood_compat,血液型 相性ランキング,今日ハッピーになれる相手,1位 AB型（最高の相性♡ 一緒にいるほど元気になれる。）
2026-08-02,8月2日(日),zodiac_weekly,今週の運勢ランキング,12星座 総合運まとめ,1位 かに座（今日の主役はあなた。自信を持って大丈夫。）
2026-08-03,8月3日(月),zodiac_overall,今日の運勢ランキング,12星座 総合運 TOP12,1位 ふたご座（小さな奇跡が重なる日。ワクワクを大切に。）
2026-08-04,8月4日(火),blood_overall,血液型占い,今日のごきげん運ランキング,1位 O型（今日の主役はあなた。自信を持って大丈夫。）
2026-08-05,8月5日(水),zodiac_love,恋愛運ランキング,12星座 LOVE運 TOP12,1位 かに座（両想いの気配。かわいい自分を楽しんで♡）
2026-08-06,8月6日(木),lucky_color,今日のラッキーカラー,12星座別・開運カラー診断,星座別カラー
2026-08-07,8月7日(金),zodiac_money,金運ランキング,12星座 MONEY運 TOP12,1位 おひつじ座（お財布に嬉しい流れ。行動が実を結ぶ。）
2026-08-08,8月8日(土),blood_compat,血液型 相性ランキング,今日ハッピーになれる相手,1位 AB型（笑いのツボが合う黄金コンビ。）
2026-08-09,8月9日(日),zodiac_weekly,今週の運勢ランキング,12星座 総合運まとめ,1位 おひつじ座（何をしても輝く日。笑顔が幸運を呼ぶ♡）
2026-08-10,8月10日(月),zodiac_overall,今日の運勢ランキング,12星座 総合運 TOP12,1位 おうし座（無敵の一日。思い切った行動が大正解◎）
2026-08-11,8月11日(火),blood_overall,血液型占い,今日のごきげん運ランキング,1位 A型（何をしても輝く日。笑顔が幸運を呼ぶ♡）
2026-08-12,8月12日(水),zodiac_love,恋愛運ランキング,12星座 LOVE運 TOP12,1位 みずがめ座（あなたの魅力が最大級。素直な気持ちが届く。）
2026-08-13,8月13日(木),lucky_color,今日のラッキーカラー,12星座別・開運カラー診断,星座別カラー
2026-08-14,8月14日(金),zodiac_money,金運ランキング,12星座 MONEY運 TOP12,1位 みずがめ座（お財布に嬉しい流れ。行動が実を結ぶ。）
2026-08-15,8月15日(土),blood_compat,血液型 相性ランキング,今日ハッピーになれる相手,1位 AB型（笑いのツボが合う黄金コンビ。）
2026-08-16,8月16日(日),zodiac_weekly,今週の運勢ランキング,12星座 総合運まとめ,1位 しし座（小さな奇跡が重なる日。ワクワクを大切に。）
2026-08-17,8月17日(月),zodiac_overall,今日の運勢ランキング,12星座 総合運 TOP12,1位 いて座（キラキラ絶好調。周りから注目される予感。）
2026-08-18,8月18日(火),blood_overall,血液型占い,今日のごきげん運ランキング,1位 AB型（追い風マックス。新しい一歩を踏み出して。）
2026-08-19,8月19日(水),zodiac_love,恋愛運ランキング,12星座 LOVE運 TOP12,1位 やぎ座（あなたの魅力が最大級。素直な気持ちが届く。）
2026-08-20,8月20日(木),lucky_color,今日のラッキーカラー,12星座別・開運カラー診断,星座別カラー
2026-08-21,8月21日(金),zodiac_money,金運ランキング,12星座 MONEY運 TOP12,1位 てんびん座（お財布に嬉しい流れ。行動が実を結ぶ。）
2026-08-22,8月22日(土),blood_compat,血液型 相性ランキング,今日ハッピーになれる相手,1位 B型（最高の相性♡ 一緒にいるほど元気になれる。）
2026-08-23,8月23日(日),zodiac_weekly,今週の運勢ランキング,12星座 総合運まとめ,1位 てんびん座（運命が味方する日。直感を信じて。）
2026-08-24,8月24日(月),zodiac_overall,今日の運勢ランキング,12星座 総合運 TOP12,1位 おひつじ座（チャンス到来。ずっと欲しかったものが近づく。）
2026-08-25,8月25日(火),blood_overall,血液型占い,今日のごきげん運ランキング,1位 O型（キラキラ絶好調。周りから注目される予感。）
2026-08-26,8月26日(水),zodiac_love,恋愛運ランキング,12星座 LOVE運 TOP12,1位 おとめ座（ドキドキが加速する日。連絡してみて◎）
2026-08-27,8月27日(木),lucky_color,今日のラッキーカラー,12星座別・開運カラー診断,星座別カラー
2026-08-28,8月28日(金),zodiac_money,金運ランキング,12星座 MONEY運 TOP12,1位 さそり座（value のある買い物ができる日。目利き冴える。）
2026-08-29,8月29日(土),blood_compat,血液型 相性ランキング,今日ハッピーになれる相手,1位 O型（最高の相性♡ 一緒にいるほど元気になれる。）
2026-08-30,8月30日(日),zodiac_weekly,今週の運勢ランキング,12星座 総合運まとめ,1位 うお座（今日の主役はあなた。自信を持って大丈夫。）
2026-08-31,8月31日(月),zodiac_overall,今日の運勢ランキング,12星座 総合運 TOP12,1位 いて座（何をしても輝く日。笑顔が幸運を呼ぶ♡）
2026-09-01,9月1日(火),blood_overall,血液型占い,今日のごきげん運ランキング,1位 AB型（何をしても輝く日。笑顔が幸運を呼ぶ♡）
2026-09-02,9月2日(水),zodiac_love,恋愛運ランキング,12星座 LOVE運 TOP12,1位 てんびん座（両想いの気配。かわいい自分を楽しんで♡）
2026-09-03,9月3日(木),lucky_color,今日のラッキーカラー,12星座別・開運カラー診断,星座別カラー
2026-09-04,9月4日(金),zodiac_money,金運ランキング,12星座 MONEY運 TOP12,1位 やぎ座（金運絶好調！臨時収入の予感も♡）
2026-09-05,9月5日(土),blood_compat,血液型 相性ランキング,今日ハッピーになれる相手,1位 B型（笑いのツボが合う黄金コンビ。）
2026-09-06,9月6日(日),zodiac_weekly,今週の運勢ランキング,12星座 総合運まとめ,1位 やぎ座（チャンス到来。ずっと欲しかったものが近づく。）
2026-09-07,9月7日(月),zodiac_overall,今日の運勢ランキング,12星座 総合運 TOP12,1位 みずがめ座（何をしても輝く日。笑顔が幸運を呼ぶ♡）
2026-09-08,9月8日(火),blood_overall,血液型占い,今日のごきげん運ランキング,1位 B型（追い風マックス。新しい一歩を踏み出して。）
2026-09-09,9月9日(水),zodiac_love,恋愛運ランキング,12星座 LOVE運 TOP12,1位 みずがめ座（あなたの魅力が最大級。素直な気持ちが届く。）
2026-09-10,9月10日(木),lucky_color,今日のラッキーカラー,12星座別・開運カラー診断,星座別カラー
2026-09-11,9月11日(金),zodiac_money,金運ランキング,12星座 MONEY運 TOP12,1位 てんびん座（ずっと欲しかったものにご縁がある予感。）
2026-09-12,9月12日(土),blood_compat,血液型 相性ランキング,今日ハッピーになれる相手,1位 A型（笑いのツボが合う黄金コンビ。）
2026-09-13,9月13日(日),zodiac_weekly,今週の運勢ランキング,12星座 総合運まとめ,1位 さそり座（キラキラ絶好調。周りから注目される予感。）
2026-09-14,9月14日(月),zodiac_overall,今日の運勢ランキング,12星座 総合運 TOP12,1位 いて座（運命が味方する日。直感を信じて。）
2026-09-15,9月15日(火),blood_overall,血液型占い,今日のごきげん運ランキング,1位 B型（キラキラ絶好調。周りから注目される予感。）
2026-09-16,9月16日(水),zodiac_love,恋愛運ランキング,12星座 LOVE運 TOP12,1位 おうし座（ドキドキが加速する日。連絡してみて◎）
2026-09-17,9月17日(木),lucky_color,今日のラッキーカラー,12星座別・開運カラー診断,星座別カラー
2026-09-18,9月18日(金),zodiac_money,金運ランキング,12星座 MONEY運 TOP12,1位 うお座（ずっと欲しかったものにご縁がある予感。）
2026-09-19,9月19日(土),blood_compat,血液型 相性ランキング,今日ハッピーになれる相手,1位 B型（自然体で通じ合える相手。安心感バツグン。）
2026-09-20,9月20日(日),zodiac_weekly,今週の運勢ランキング,12星座 総合運まとめ,1位 かに座（追い風マックス。新しい一歩を踏み出して。）
2026-09-21,9月21日(月),zodiac_overall,今日の運勢ランキング,12星座 総合運 TOP12,1位 うお座（小さな奇跡が重なる日。ワクワクを大切に。）
2026-09-22,9月22日(火),blood_overall,血液型占い,今日のごきげん運ランキング,1位 AB型（チャンス到来。ずっと欲しかったものが近づく。）
2026-09-23,9月23日(水),zodiac_love,恋愛運ランキング,12星座 LOVE運 TOP12,1位 みずがめ座（両想いの気配。かわいい自分を楽しんで♡）
2026-09-24,9月24日(木),lucky_color,今日のラッキーカラー,12星座別・開運カラー診断,星座別カラー
2026-09-25,9月25日(金),zodiac_money,金運ランキング,12星座 MONEY運 TOP12,1位 おとめ座（お財布に嬉しい流れ。行動が実を結ぶ。）
2026-09-26,9月26日(土),blood_compat,血液型 相性ランキング,今日ハッピーになれる相手,1位 AB型（笑いのツボが合う黄金コンビ。）
2026-09-27,9月27日(日),zodiac_weekly,今週の運勢ランキング,12星座 総合運まとめ,1位 うお座（無敵の一日。思い切った行動が大正解◎）
2026-09-28,9月28日(月),zodiac_overall,今日の運勢ランキング,12星座 総合運 TOP12,1位 ふたご座（小さな奇跡が重なる日。ワクワクを大切に。）
2026-09-29,9月29日(火),blood_overall,血液型占い,今日のごきげん運ランキング,1位 A型（チャンス到来。ずっと欲しかったものが近づく。）
2026-09-30,9月30日(水),zodiac_love,恋愛運ランキング,12星座 LOVE運 TOP12,1位 かに座（あなたの魅力が最大級。素直な気持ちが届く。）
2026-10-01,10月1日(木),lucky_color,今日のラッキーカラー,12星座別・開運カラー診断,星座別カラー
2026-10-02,10月2日(金),zodiac_money,金運ランキング,12星座 MONEY運 TOP12,1位 おひつじ座（金運絶好調！臨時収入の予感も♡）
2026-10-03,10月3日(土),blood_compat,血液型 相性ランキング,今日ハッピーになれる相手,1位 A型（笑いのツボが合う黄金コンビ。）
2026-10-04,10月4日(日),zodiac_weekly,今週の運勢ランキング,12星座 総合運まとめ,1位 おひつじ座（今日の主役はあなた。自信を持って大丈夫。）
2026-10-05,10月5日(月),zodiac_overall,今日の運勢ランキング,12星座 総合運 TOP12,1位 みずがめ座（チャンス到来。ずっと欲しかったものが近づく。）
2026-10-06,10月6日(火),blood_overall,血液型占い,今日のごきげん運ランキング,1位 A型（追い風マックス。新しい一歩を踏み出して。）
2026-10-07,10月7日(水),zodiac_love,恋愛運ランキング,12星座 LOVE運 TOP12,1位 おうし座（気になるあの人と急接近のチャンス。）
2026-10-08,10月8日(木),lucky_color,今日のラッキーカラー,12星座別・開運カラー診断,星座別カラー
2026-10-09,10月9日(金),zodiac_money,金運ランキング,12星座 MONEY運 TOP12,1位 おとめ座（金運絶好調！臨時収入の予感も♡）
2026-10-10,10月10日(土),blood_compat,血液型 相性ランキング,今日ハッピーになれる相手,1位 A型（支え合える相性。困った時こそ頼って◎）
2026-10-11,10月11日(日),zodiac_weekly,今週の運勢ランキング,12星座 総合運まとめ,1位 さそり座（今日の主役はあなた。自信を持って大丈夫。）
2026-10-12,10月12日(月),zodiac_overall,今日の運勢ランキング,12星座 総合運 TOP12,1位 うお座（小さな奇跡が重なる日。ワクワクを大切に。）
2026-10-13,10月13日(火),blood_overall,血液型占い,今日のごきげん運ランキング,1位 A型（運命が味方する日。直感を信じて。）
2026-10-14,10月14日(水),zodiac_love,恋愛運ランキング,12星座 LOVE運 TOP12,1位 うお座（あなたの魅力が最大級。素直な気持ちが届く。）
2026-10-15,10月15日(木),lucky_color,今日のラッキーカラー,12星座別・開運カラー診断,星座別カラー
2026-10-16,10月16日(金),zodiac_money,金運ランキング,12星座 MONEY運 TOP12,1位 おひつじ座（お財布に嬉しい流れ。行動が実を結ぶ。）
2026-10-17,10月17日(土),blood_compat,血液型 相性ランキング,今日ハッピーになれる相手,1位 AB型（支え合える相性。困った時こそ頼って◎）
2026-10-18,10月18日(日),zodiac_weekly,今週の運勢ランキング,12星座 総合運まとめ,1位 てんびん座（無敵の一日。思い切った行動が大正解◎）
2026-10-19,10月19日(月),zodiac_overall,今日の運勢ランキング,12星座 総合運 TOP12,1位 てんびん座（今日の主役はあなた。自信を持って大丈夫。）
2026-10-20,10月20日(火),blood_overall,血液型占い,今日のごきげん運ランキング,1位 A型（運命が味方する日。直感を信じて。）
2026-10-21,10月21日(水),zodiac_love,恋愛運ランキング,12星座 LOVE運 TOP12,1位 ふたご座（気になるあの人と急接近のチャンス。）
2026-10-22,10月22日(木),lucky_color,今日のラッキーカラー,12星座別・開運カラー診断,星座別カラー
2026-10-23,10月23日(金),zodiac_money,金運ランキング,12星座 MONEY運 TOP12,1位 おとめ座（コツコツが大きく実る日。自分にご褒美を◎）
2026-10-24,10月24日(土),blood_compat,血液型 相性ランキング,今日ハッピーになれる相手,1位 B型（自然体で通じ合える相手。安心感バツグン。）
2026-10-25,10月25日(日),zodiac_weekly,今週の運勢ランキング,12星座 総合運まとめ,1位 しし座（チャンス到来。ずっと欲しかったものが近づく。）
2026-10-26,10月26日(月),zodiac_overall,今日の運勢ランキング,12星座 総合運 TOP12,1位 おうし座（小さな奇跡が重なる日。ワクワクを大切に。）
2026-10-27,10月27日(火),blood_overall,血液型占い,今日のごきげん運ランキング,1位 O型（小さな奇跡が重なる日。ワクワクを大切に。）
2026-10-28,10月28日(水),zodiac_love,恋愛運ランキング,12星座 LOVE運 TOP12,1位 いて座（ドキドキが加速する日。連絡してみて◎）
2026-10-29,10月29日(木),lucky_color,今日のラッキーカラー,12星座別・開運カラー診断,星座別カラー
2026-10-30,10月30日(金),zodiac_money,金運ランキング,12星座 MONEY運 TOP12,1位 おひつじ座（お財布に嬉しい流れ。行動が実を結ぶ。）
2026-10-31,10月31日(土),blood_compat,血液型 相性ランキング,今日ハッピーになれる相手,1位 A型（自然体で通じ合える相手。安心感バツグン。）
2026-11-01,11月1日(日),zodiac_weekly,今週の運勢ランキング,12星座 総合運まとめ,1位 やぎ座（今日の主役はあなた。自信を持って大丈夫。）
2026-11-02,11月2日(月),zodiac_overall,今日の運勢ランキング,12星座 総合運 TOP12,1位 しし座（小さな奇跡が重なる日。ワクワクを大切に。）
2026-11-03,11月3日(火),blood_overall,血液型占い,今日のごきげん運ランキング,1位 A型（小さな奇跡が重なる日。ワクワクを大切に。）
2026-11-04,11月4日(水),zodiac_love,恋愛運ランキング,12星座 LOVE運 TOP12,1位 うお座（気になるあの人と急接近のチャンス。）
2026-11-05,11月5日(木),lucky_color,今日のラッキーカラー,12星座別・開運カラー診断,星座別カラー
2026-11-06,11月6日(金),zodiac_money,金運ランキング,12星座 MONEY運 TOP12,1位 やぎ座（お財布に嬉しい流れ。行動が実を結ぶ。）
2026-11-07,11月7日(土),blood_compat,血液型 相性ランキング,今日ハッピーになれる相手,1位 B型（笑いのツボが合う黄金コンビ。）
2026-11-08,11月8日(日),zodiac_weekly,今週の運勢ランキング,12星座 総合運まとめ,1位 おひつじ座（追い風マックス。新しい一歩を踏み出して。）
2026-11-09,11月9日(月),zodiac_overall,今日の運勢ランキング,12星座 総合運 TOP12,1位 みずがめ座（今日の主役はあなた。自信を持って大丈夫。）
2026-11-10,11月10日(火),blood_overall,血液型占い,今日のごきげん運ランキング,1位 O型（運命が味方する日。直感を信じて。）
2026-11-11,11月11日(水),zodiac_love,恋愛運ランキング,12星座 LOVE運 TOP12,1位 てんびん座（あなたの魅力が最大級。素直な気持ちが届く。）
2026-11-12,11月12日(木),lucky_color,今日のラッキーカラー,12星座別・開運カラー診断,星座別カラー
2026-11-13,11月13日(金),zodiac_money,金運ランキング,12星座 MONEY運 TOP12,1位 さそり座（金運絶好調！臨時収入の予感も♡）
2026-11-14,11月14日(土),blood_compat,血液型 相性ランキング,今日ハッピーになれる相手,1位 B型（自然体で通じ合える相手。安心感バツグン。）
2026-11-15,11月15日(日),zodiac_weekly,今週の運勢ランキング,12星座 総合運まとめ,1位 うお座（今日の主役はあなた。自信を持って大丈夫。）
2026-11-16,11月16日(月),zodiac_overall,今日の運勢ランキング,12星座 総合運 TOP12,1位 おうし座（運命が味方する日。直感を信じて。）
2026-11-17,11月17日(火),blood_overall,血液型占い,今日のごきげん運ランキング,1位 AB型（何をしても輝く日。笑顔が幸運を呼ぶ♡）
2026-11-18,11月18日(水),zodiac_love,恋愛運ランキング,12星座 LOVE運 TOP12,1位 うお座（運命の出会い予感。笑顔を絶やさないで。）
2026-11-19,11月19日(木),lucky_color,今日のラッキーカラー,12星座別・開運カラー診断,星座別カラー
2026-11-20,11月20日(金),zodiac_money,金運ランキング,12星座 MONEY運 TOP12,1位 ふたご座（金運絶好調！臨時収入の予感も♡）
2026-11-21,11月21日(土),blood_compat,血液型 相性ランキング,今日ハッピーになれる相手,1位 A型（自然体で通じ合える相手。安心感バツグン。）
2026-11-22,11月22日(日),zodiac_weekly,今週の運勢ランキング,12星座 総合運まとめ,1位 かに座（何をしても輝く日。笑顔が幸運を呼ぶ♡）
2026-11-23,11月23日(月),zodiac_overall,今日の運勢ランキング,12星座 総合運 TOP12,1位 てんびん座（追い風マックス。新しい一歩を踏み出して。）
2026-11-24,11月24日(火),blood_overall,血液型占い,今日のごきげん運ランキング,1位 O型（キラキラ絶好調。周りから注目される予感。）
2026-11-25,11月25日(水),zodiac_love,恋愛運ランキング,12星座 LOVE運 TOP12,1位 やぎ座（気になるあの人と急接近のチャンス。）
2026-11-26,11月26日(木),lucky_color,今日のラッキーカラー,12星座別・開運カラー診断,星座別カラー
2026-11-27,11月27日(金),zodiac_money,金運ランキング,12星座 MONEY運 TOP12,1位 てんびん座（ずっと欲しかったものにご縁がある予感。）
2026-11-28,11月28日(土),blood_compat,血液型 相性ランキング,今日ハッピーになれる相手,1位 AB型（笑いのツボが合う黄金コンビ。）
2026-11-29,11月29日(日),zodiac_weekly,今週の運勢ランキング,12星座 総合運まとめ,1位 おひつじ座（追い風マックス。新しい一歩を踏み出して。）
2026-11-30,11月30日(月),zodiac_overall,今日の運勢ランキング,12星座 総合運 TOP12,1位 おうし座（小さな奇跡が重なる日。ワクワクを大切に。）
2026-12-01,12月1日(火),blood_overall,血液型占い,今日のごきげん運ランキング,1位 O型（小さな奇跡が重なる日。ワクワクを大切に。）
2026-12-02,12月2日(水),zodiac_love,恋愛運ランキング,12星座 LOVE運 TOP12,1位 やぎ座（気になるあの人と急接近のチャンス。）
2026-12-03,12月3日(木),lucky_color,今日のラッキーカラー,12星座別・開運カラー診断,星座別カラー
2026-12-04,12月4日(金),zodiac_money,金運ランキング,12星座 MONEY運 TOP12,1位 おひつじ座（金運絶好調！臨時収入の予感も♡）
2026-12-05,12月5日(土),blood_compat,血液型 相性ランキング,今日ハッピーになれる相手,1位 A型（支え合える相性。困った時こそ頼って◎）
2026-12-06,12月6日(日),zodiac_weekly,今週の運勢ランキング,12星座 総合運まとめ,1位 おとめ座（無敵の一日。思い切った行動が大正解◎）
2026-12-07,12月7日(月),zodiac_overall,今日の運勢ランキング,12星座 総合運 TOP12,1位 いて座（何をしても輝く日。笑顔が幸運を呼ぶ♡）
2026-12-08,12月8日(火),blood_overall,血液型占い,今日のごきげん運ランキング,1位 B型（何をしても輝く日。笑顔が幸運を呼ぶ♡）
2026-12-09,12月9日(水),zodiac_love,恋愛運ランキング,12星座 LOVE運 TOP12,1位 おうし座（気になるあの人と急接近のチャンス。）
2026-12-10,12月10日(木),lucky_color,今日のラッキーカラー,12星座別・開運カラー診断,星座別カラー
2026-12-11,12月11日(金),zodiac_money,金運ランキング,12星座 MONEY運 TOP12,1位 おうし座（お財布に嬉しい流れ。行動が実を結ぶ。）
2026-12-12,12月12日(土),blood_compat,血液型 相性ランキング,今日ハッピーになれる相手,1位 A型（自然体で通じ合える相手。安心感バツグン。）
2026-12-13,12月13日(日),zodiac_weekly,今週の運勢ランキング,12星座 総合運まとめ,1位 ふたご座（小さな奇跡が重なる日。ワクワクを大切に。）
2026-12-14,12月14日(月),zodiac_overall,今日の運勢ランキング,12星座 総合運 TOP12,1位 さそり座（今日の主役はあなた。自信を持って大丈夫。）
2026-12-15,12月15日(火),blood_overall,血液型占い,今日のごきげん運ランキング,1位 AB型（運命が味方する日。直感を信じて。）
2026-12-16,12月16日(水),zodiac_love,恋愛運ランキング,12星座 LOVE運 TOP12,1位 かに座（気になるあの人と急接近のチャンス。）
2026-12-17,12月17日(木),lucky_color,今日のラッキーカラー,12星座別・開運カラー診断,星座別カラー
2026-12-18,12月18日(金),zodiac_money,金運ランキング,12星座 MONEY運 TOP12,1位 おひつじ座（ずっと欲しかったものにご縁がある予感。）
2026-12-19,12月19日(土),blood_compat,血液型 相性ランキング,今日ハッピーになれる相手,1位 O型（支え合える相性。困った時こそ頼って◎）
2026-12-20,12月20日(日),zodiac_weekly,今週の運勢ランキング,12星座 総合運まとめ,1位 うお座（キラキラ絶好調。周りから注目される予感。）
2026-12-21,12月21日(月),zodiac_overall,今日の運勢ランキング,12星座 総合運 TOP12,1位 やぎ座（何をしても輝く日。笑顔が幸運を呼ぶ♡）
2026-12-22,12月22日(火),blood_overall,血液型占い,今日のごきげん運ランキング,1位 O型（今日の主役はあなた。自信を持って大丈夫。）
2026-12-23,12月23日(水),zodiac_love,恋愛運ランキング,12星座 LOVE運 TOP12,1位 やぎ座（恋のスーパーデー♡ 一歩踏み出して大正解。）
2026-12-24,12月24日(木),lucky_color,今日のラッキーカラー,12星座別・開運カラー診断,星座別カラー
2026-12-25,12月25日(金),zodiac_money,金運ランキング,12星座 MONEY運 TOP12,1位 おひつじ座（コツコツが大きく実る日。自分にご褒美を◎）
2026-12-26,12月26日(土),blood_compat,血液型 相性ランキング,今日ハッピーになれる相手,1位 O型（最高の相性♡ 一緒にいるほど元気になれる。）
2026-12-27,12月27日(日),zodiac_weekly,今週の運勢ランキング,12星座 総合運まとめ,1位 おうし座（追い風マックス。新しい一歩を踏み出して。）
2026-12-28,12月28日(月),zodiac_overall,今日の運勢ランキング,12星座 総合運 TOP12,1位 みずがめ座（小さな奇跡が重なる日。ワクワクを大切に。）
2026-12-29,12月29日(火),blood_overall,血液型占い,今日のごきげん運ランキング,1位 A型（追い風マックス。新しい一歩を踏み出して。）
2026-12-30,12月30日(水),zodiac_love,恋愛運ランキング,12星座 LOVE運 TOP12,1位 さそり座（あなたの魅力が最大級。素直な気持ちが届く。）
2026-12-31,12月31日(木),lucky_color,今日のラッキーカラー,12星座別・開運カラー診断,星座別カラー
2027-01-01,1月1日(金),zodiac_money,金運ランキング,12星座 MONEY運 TOP12,1位 みずがめ座（お財布に嬉しい流れ。行動が実を結ぶ。）
2027-01-02,1月2日(土),blood_compat,血液型 相性ランキング,今日ハッピーになれる相手,1位 B型（笑いのツボが合う黄金コンビ。）
2027-01-03,1月3日(日),zodiac_weekly,今週の運勢ランキング,12星座 総合運まとめ,1位 てんびん座（無敵の一日。思い切った行動が大正解◎）
2027-01-04,1月4日(月),zodiac_overall,今日の運勢ランキング,12星座 総合運 TOP12,1位 かに座（無敵の一日。思い切った行動が大正解◎）
2027-01-05,1月5日(火),blood_overall,血液型占い,今日のごきげん運ランキング,1位 B型（何をしても輝く日。笑顔が幸運を呼ぶ♡）
2027-01-06,1月6日(水),zodiac_love,恋愛運ランキング,12星座 LOVE運 TOP12,1位 かに座（ドキドキが加速する日。連絡してみて◎）
2027-01-07,1月7日(木),lucky_color,今日のラッキーカラー,12星座別・開運カラー診断,星座別カラー
2027-01-08,1月8日(金),zodiac_money,金運ランキング,12星座 MONEY運 TOP12,1位 おひつじ座（金運絶好調！臨時収入の予感も♡）
2027-01-09,1月9日(土),blood_compat,血液型 相性ランキング,今日ハッピーになれる相手,1位 AB型（最高の相性♡ 一緒にいるほど元気になれる。）
2027-01-10,1月10日(日),zodiac_weekly,今週の運勢ランキング,12星座 総合運まとめ,1位 おひつじ座（今日の主役はあなた。自信を持って大丈夫。）
2027-01-11,1月11日(月),zodiac_overall,今日の運勢ランキング,12星座 総合運 TOP12,1位 さそり座（無敵の一日。思い切った行動が大正解◎）
2027-01-12,1月12日(火),blood_overall,血液型占い,今日のごきげん運ランキング,1位 O型（無敵の一日。思い切った行動が大正解◎）
2027-01-13,1月13日(水),zodiac_love,恋愛運ランキング,12星座 LOVE運 TOP12,1位 てんびん座（両想いの気配。かわいい自分を楽しんで♡）
2027-01-14,1月14日(木),lucky_color,今日のラッキーカラー,12星座別・開運カラー診断,星座別カラー
2027-01-15,1月15日(金),zodiac_money,金運ランキング,12星座 MONEY運 TOP12,1位 おうし座（コツコツが大きく実る日。自分にご褒美を◎）
2027-01-16,1月16日(土),blood_compat,血液型 相性ランキング,今日ハッピーになれる相手,1位 O型（支え合える相性。困った時こそ頼って◎）
2027-01-17,1月17日(日),zodiac_weekly,今週の運勢ランキング,12星座 総合運まとめ,1位 おうし座（小さな奇跡が重なる日。ワクワクを大切に。）
2027-01-18,1月18日(月),zodiac_overall,今日の運勢ランキング,12星座 総合運 TOP12,1位 しし座（運命が味方する日。直感を信じて。）
2027-01-19,1月19日(火),blood_overall,血液型占い,今日のごきげん運ランキング,1位 AB型（無敵の一日。思い切った行動が大正解◎）
2027-01-20,1月20日(水),zodiac_love,恋愛運ランキング,12星座 LOVE運 TOP12,1位 うお座（運命の出会い予感。笑顔を絶やさないで。）
2027-01-21,1月21日(木),lucky_color,今日のラッキーカラー,12星座別・開運カラー診断,星座別カラー
2027-01-22,1月22日(金),zodiac_money,金運ランキング,12星座 MONEY運 TOP12,1位 おうし座（お財布に嬉しい流れ。行動が実を結ぶ。）
2027-01-23,1月23日(土),blood_compat,血液型 相性ランキング,今日ハッピーになれる相手,1位 A型（最高の相性♡ 一緒にいるほど元気になれる。）
2027-01-24,1月24日(日),zodiac_weekly,今週の運勢ランキング,12星座 総合運まとめ,1位 みずがめ座（今日の主役はあなた。自信を持って大丈夫。）
2027-01-25,1月25日(月),zodiac_overall,今日の運勢ランキング,12星座 総合運 TOP12,1位 いて座（今日の主役はあなた。自信を持って大丈夫。）
2027-01-26,1月26日(火),blood_overall,血液型占い,今日のごきげん運ランキング,1位 AB型（チャンス到来。ずっと欲しかったものが近づく。）
2027-01-27,1月27日(水),zodiac_love,恋愛運ランキング,12星座 LOVE運 TOP12,1位 やぎ座（あなたの魅力が最大級。素直な気持ちが届く。）
2027-01-28,1月28日(木),lucky_color,今日のラッキーカラー,12星座別・開運カラー診断,星座別カラー
2027-01-29,1月29日(金),zodiac_money,金運ランキング,12星座 MONEY運 TOP12,1位 うお座（金運絶好調！臨時収入の予感も♡）
